{
  "LakeFS": {
    "tool": "LakeFS",
    "v1_metrics": {
      "MSE": 49241676016.60599,
      "RMSE": 221904.65523869928,
      "MAE": 2639.7200041893593,
      "R2": 0.4034820203184031
    },
    "v2_metrics": {
      "MSE": 172.3221321511822,
      "RMSE": 13.12715247687716,
      "MAE": 4.500051615051616,
      "R2": 0.9977564840764711
    },
    "dp_metrics": {
      "MSE": 64.96448406134492,
      "RMSE": 8.060054842328613,
      "MAE": 6.085205017150818,
      "R2": 0.9991542069922418,
      "Epsilon": 1.2269524667397498
    },
    "comparison": {
      "V1_Model": {
        "MSE": 49241676016.606,
        "RMSE": 221904.6552,
        "MAE": 2639.72,
        "R2": 0.4035,
        "Epsilon": NaN
      },
      "V2_Model": {
        "MSE": 172.3221,
        "RMSE": 13.1272,
        "MAE": 4.5001,
        "R2": 0.9978,
        "Epsilon": NaN
      },
      "V2_DP_Model": {
        "MSE": 64.9645,
        "RMSE": 8.0601,
        "MAE": 6.0852,
        "R2": 0.9992,
        "Epsilon": 1.227
      }
    },
    "data_info": {
      "v1_shape": [
        423003,
        28
      ],
      "v2_shape": [
        30029,
        15
      ],
      "v1_train_samples": 95477,
      "v2_train_samples": 24023
    }
  },
  "DVC": {
    "tool": "DVC",
    "v1_metrics": {
      "MSE": 49241676016.60599,
      "RMSE": 221904.65523869928,
      "MAE": 2639.7200041893593,
      "R2": 0.4034820203184031
    },
    "v2_metrics": {
      "MSE": 172.3221321511822,
      "RMSE": 13.12715247687716,
      "MAE": 4.500051615051616,
      "R2": 0.9977564840764711
    },
    "dp_metrics": {
      "MSE": 60.357603676359425,
      "RMSE": 7.769015618233717,
      "MAE": 5.822961462365759,
      "R2": 0.9992141854138901,
      "Epsilon": 1.2269524667397498
    },
    "comparison": {
      "V1_Model": {
        "MSE": 49241676016.606,
        "RMSE": 221904.6552,
        "MAE": 2639.72,
        "R2": 0.4035,
        "Epsilon": NaN
      },
      "V2_Model": {
        "MSE": 172.3221,
        "RMSE": 13.1272,
        "MAE": 4.5001,
        "R2": 0.9978,
        "Epsilon": NaN
      },
      "V2_DP_Model": {
        "MSE": 60.3576,
        "RMSE": 7.769,
        "MAE": 5.823,
        "R2": 0.9992,
        "Epsilon": 1.227
      }
    },
    "data_info": {
      "v1_shape": [
        423003,
        28
      ],
      "v2_shape": [
        30029,
        15
      ],
      "v1_train_samples": 95477,
      "v2_train_samples": 24023
    }
  }
}